order_id,order_item_id,product_id,seller_id,shipping_limit_date,price,freight_value,payment_sequential,payment_type,payment_installments,payment_value
0035c0b07126fe9c24a325216fb96064,1.0,ec02a5d380128f7a188e9ce8f3ddd832,8444e55c1f13cd5c179851e5ca5ebd00,2017-12-12,131.9,18.54,1.0,credit_card,10.0,150.44
010078e0913f48d014483bd856c01ca1,1.0,96f608a5fe010cb34dc25baee3274444,6fd52c528dcb38be2eea044946b811f8,2017-12-12,49.89,8.72,1.0,credit_card,1.0,58.61
021288ce4f15c031270df5259df1b551,1.0,30ccf4724f5227265f837e9ba0246278,dbc22125167c298ef99da25668e1011f,2017-12-12,83.9,28.99,1.0,boleto,1.0,112.89
02623e799dcc1e41066ddfe4af591f24,1.0,ffd34459c21034d1da6df9800de0d7a3,11bfa66332777660bd0640ee84d47006,2017-12-12,52.99,15.12,1.0,credit_card,3.0,68.11
047723564a4f371af7f16f08f08ae0e0,1.0,f58e45b16a42a325c144eb2c46a2bc57,46dc3b2cc0980fb8ec44634e21d2718e,2017-12-12,279.99,19.4,1.0,credit_card,9.0,299.39
048d1e40afa8d75641833ebbb74f85b7,1.0,416d75e3094f3393b778fd40d52b6089,4b5f66b7adcf57f1ecc0d3c07dd6b177,2017-12-12,169.9,14.21,1.0,boleto,1.0,184.11
05f4c59e4404655a57c7bb10ff944d3d,1.0,84a5ff7347e4371b23168a1b69f2409d,de23c3b98a88888289c6f5cc1209054a,2017-12-12,129.9,9.72,1.0,credit_card,3.0,279.24
05f4c59e4404655a57c7bb10ff944d3d,2.0,84a5ff7347e4371b23168a1b69f2409d,de23c3b98a88888289c6f5cc1209054a,2017-12-12,129.9,9.72,1.0,credit_card,3.0,279.24
0651c427722f910d3a2238dca1975fcc,1.0,6ef77c360c5206f18e444f0d170a3a01,edb1ef5e36e0c8cd84eb3c9b003e486d,2017-12-12,1375.65,24.38,1.0,credit_card,5.0,1400.03
06f9b3a828a976a2fca71a4ebf55b1b2,1.0,36940188c2ad1a212b94931a08cc3c29,2138ccb85b11a4ec1e37afbd1c8eda1f,2017-12-12,39.99,14.1,1.0,boleto,1.0,54.09
08fec9b7a19902c2485f6f104e547f52,1.0,a945078e19efed6370a484e25e879894,2a7dc43cecabf23403078e2188437d1d,2017-12-12,19.9,7.78,1.0,credit_card,2.0,27.68
0a4e4a3dd6cacc3db584029b55817aac,1.0,64315bd8c0c47303179dd2e25b579d00,7aa4334be125fcdd2ba64b3180029f14,2017-12-12,89.8,24.94,1.0,credit_card,1.0,114.74
0ab5a761982917ce851399f277662d06,1.0,ab330e1b64fde92d3b4d4d6980a38576,e0878efa0e0b7e5313ac0b43bc04c081,2017-12-12,39.9,15.1,1.0,boleto,1.0,55.0
0acb52bb1603d9a69f0965fb43c08a99,1.0,165cf891cdb818da8293163bf0a9b2ba,e9d99831abad74458942f21e16f33f92,2017-12-12,15.99,8.72,1.0,credit_card,1.0,24.71
0b0bd9b754737f8954ee14d15c7acb85,1.0,283dc451ad3918badb976d56ff887289,da8622b14eb17ae2831f4ac5b9dab84a,2017-12-12,89.9,13.65,1.0,boleto,1.0,103.55
0b7256a28d26d7203c9d269fa12709b8,1.0,479a69148e08e997f6f13dd2f4723b6c,05d2173d43ea568aa0540eba70d2ca76,2017-12-12,49.5,15.1,1.0,boleto,1.0,64.6
0ba2bc78c04f47c4757a465b7d7e4f79,1.0,fc5428e8e3dbc80bf96f681ed2e95026,33c51922b6e3c16b24a8f28e5833c99d,2017-12-12,219.0,14.55,1.0,credit_card,1.0,233.55
0c4efb413bce2d4e4985bfd63bb0bc49,1.0,414c53fa9c5cc4a0390682aeb2e25ec1,002100f778ceb8431b7a1020ff7ab48f,2017-12-12,17.9,11.85,1.0,boleto,1.0,29.75
0d45ab2386ccad30dbd572201b2a70c9,1.0,2e810f124ff7668bc1ea0d1953aaacd2,fa1c13f2614d7b5c4749cbc52fecda94,2017-12-12,199.9,16.15,1.0,credit_card,10.0,216.05
0dd723c6398f43e82b3916b7f2cc8e59,1.0,389d119b48cf3043d311335e499d9c6b,1f50f920176fa81dab994f9023523100,2017-12-12,59.0,17.66,1.0,boleto,1.0,153.32
0dd723c6398f43e82b3916b7f2cc8e59,2.0,422879e10f46682990de24d770e7f83d,1f50f920176fa81dab994f9023523100,2017-12-12,59.0,17.66,1.0,boleto,1.0,153.32
0ec373cccbb9d0a08243467c9d81a0c5,1.0,725f8d2c0ae782803f3a364b9d2f6f24,1da366cade6d8276e7d8beea7af5d4bf,2017-12-12,89.9,28.01,1.0,boleto,1.0,117.91
0f4ace47be2863cb7e7e547f32afbe2a,1.0,b98546b83abd474d9517e36a1eddbc22,bba74270a87732727b5a3b4fd9ac1c39,2017-12-12,36.99,15.11,1.0,credit_card,1.0,52.1
1000fcfbd3d7ba209ecd4e6cbddf839f,1.0,24606f4976af89b7b18b2299acb91ae3,a673821011d0cec28146ea42f5ab767f,2017-12-12,59.9,11.73,1.0,credit_card,4.0,71.63
102524fc738dc062948b705dac83d08e,1.0,53759a2ecddad2bb87a079a1f1519f73,1f50f920176fa81dab994f9023523100,2017-12-12,59.0,17.66,1.0,credit_card,7.0,76.66
1124c329070977fbd414f046bba149d7,1.0,689a9f33ae479ec0d9f68a9b6b0cfcbf,95e03ca3d4146e4011985981aeb959b9,2017-12-12,50.0,15.1,1.0,credit_card,6.0,65.1
11567da1255df80bd6deecd416bdf9bc,1.0,5ab3c4c7b2b499f85cf923cd0f331c9f,5f5b43b2bffa8656e4bc6efeb13cc649,2017-12-12,89.0,15.38,1.0,credit_card,1.0,104.38
11642e99761a28ab38643f6a876f4e9b,1.0,afeeea6271148ee1bb15173b8187c431,53243585a1d6dc2643021fd1853d8905,2017-12-12,189.9,18.61,1.0,credit_card,1.0,208.51
12841a11f62453c88f68ee1f7cb45c47,1.0,b365e38a72a4fa2b2cd83e14c0b51754,6d66611d7c44cc30ce351abc49a68421,2017-12-12,53.9,11.88,1.0,credit_card,1.0,65.78
13bc7bea9d1bce4d95bb4917ed0f94ce,1.0,9a442e31dcb07042eca00d73c1933880,e5a3438891c0bfdb9394643f95273d8e,2017-12-12,27.3,8.27,1.0,debit_card,1.0,35.57
1424f6a8ba5d6293e445d3da40535840,1.0,a0f12db60a5019ce1a4c21fce1697574,3d871de0142ce09b7081e2b9d1733cb1,2017-12-12,99.0,13.71,1.0,credit_card,2.0,112.71
1500f1a091b64e1e36d67b8622031e93,1.0,aca2eb7d00ea1a7b8ebd4e68314663af,955fee9216a65b617aa5c0531780ce60,2017-12-12,75.0,21.02,1.0,credit_card,1.0,96.02
157ccf4a35b012e8c7cc4ff3c8edb6a8,1.0,0a74b9407eaec9d6c760a1e92c10d96c,f41ce2e25237f9092cd8e6e7516c7a2f,2017-12-12,88.9,9.44,1.0,boleto,1.0,98.34
1593fc1496428113d1e3ed901f14e05e,1.0,165f86fe8b799a708a20ee4ba125c289,7ddcbb64b5bc1ef36ca8c151f6ec77df,2017-12-12,166.99,23.49,1.0,credit_card,3.0,190.48
1606103139f42c0d1a6ff98702274039,1.0,53759a2ecddad2bb87a079a1f1519f73,1f50f920176fa81dab994f9023523100,2017-12-12,59.0,13.43,1.0,credit_card,7.0,72.43
17528d72766893a90deabc12ffc91207,1.0,09258106f546b38b0f817fc3aadf650b,4a3ca9315b744ce9f8e9374361493884,2017-12-12,48.5,11.85,1.0,credit_card,2.0,120.7
17528d72766893a90deabc12ffc91207,2.0,09258106f546b38b0f817fc3aadf650b,4a3ca9315b744ce9f8e9374361493884,2017-12-12,48.5,11.85,1.0,credit_card,2.0,120.7
19e225ef3a439fce99ce796eb1972cfb,1.0,e4d325bd1eea550509bdbbc5c3301fc1,7178f9f4dd81dcef02f62acdf8151e01,2017-12-12,349.9,18.21,1.0,credit_card,8.0,368.11
1d6d061efdb6cb19fd5b0805b95624f5,1.0,c95ef8ea078a841a370c7ae96a552711,3969863bb8af7f72580b3b1ffd3a17b3,2017-12-12,49.9,8.72,1.0,boleto,1.0,58.62
1d748fa1652f04b064b6cf65739b04dc,1.0,ec2d43cc59763ec91694573b31f1c29a,1c129092bf23f28a5930387c980c0dfc,2017-12-12,45.9,15.11,1.0,boleto,1.0,61.01
1dfbde97fe9eccbac2db9ab2f3d45a9b,1.0,852b19e59727d554cf958607536d86d9,4869f7a5dfa277a7dca6462dcf3b52b2,2017-12-12,334.9,13.84,1.0,credit_card,6.0,348.74
1dfeb15ca880ba3d63e0cf3a69041c94,1.0,9b564ab4807c6c00dcc56a91c5e1c8a3,46dc3b2cc0980fb8ec44634e21d2718e,2017-12-12,99.99,15.46,1.0,credit_card,4.0,115.45
1eab72eb166f0f84fb07b37a5d044f56,1.0,b32ca9d6896d74d345424426815c06a7,20d83f3ef0e6925fd74bfd59170babf7,2017-12-12,59.9,15.17,1.0,credit_card,5.0,75.07
1ebebc0614bb48f5dd4d5be590f3b5b5,1.0,79997ca1a57c069a3bd377b86f844c04,1dfe5347016252a7884b694d4f10f5c4,2017-12-12,61.0,16.19,1.0,credit_card,2.0,154.38
1ebebc0614bb48f5dd4d5be590f3b5b5,2.0,79997ca1a57c069a3bd377b86f844c04,1dfe5347016252a7884b694d4f10f5c4,2017-12-12,61.0,16.19,1.0,credit_card,2.0,154.38
1fa468994c6de461001e0d8849f60a7f,1.0,21e4321fa558327afe025bfb800a8bff,3dbbce181edfaa4a597ec858c382d2ec,2017-12-12,16.9,17.92,1.0,credit_card,1.0,34.82
1fbb2db5f09b8f2fe37fb58c85d2e301,1.0,5b8423dc7f23089c9c59c5d140eb5a1c,c8b3445d737de6befde0c88ede534a5e,2017-12-12,129.99,21.75,1.0,boleto,1.0,151.74
2031a1b41c54dd437f56e81eacb22e7a,1.0,983352c530d4df29fc4ca5df21765827,2e1c9f22be269ef4643f826c9e650a52,2017-12-12,44.49,34.15,1.0,credit_card,1.0,78.64
20b61ae06ac41b6e23c10c90ad0331a5,1.0,fb829a6572df5239767c1ccde5c6916c,6fd52c528dcb38be2eea044946b811f8,2017-12-12,49.89,14.1,1.0,credit_card,3.0,63.99
20dbf24263d2b7197c8d23bee91cb263,1.0,e8ac63e69971f9cf0bd7a7f78b8841ab,6560211a19b47992c3666cc44a7e94c0,2017-12-12,199.0,15.14,1.0,credit_card,4.0,214.14
226e16e7eb6dcefe180d80127468de8b,1.0,08574b074924071f4e201e151b152b4e,001cca7ae9ae17fb1caed9dfb1094831,2017-12-12,99.0,45.99,1.0,credit_card,1.0,289.98
226e16e7eb6dcefe180d80127468de8b,2.0,08574b074924071f4e201e151b152b4e,001cca7ae9ae17fb1caed9dfb1094831,2017-12-12,99.0,45.99,1.0,credit_card,1.0,289.98
227e226c302f202f8fe0ac838846adf3,1.0,79469b17ae739422fe9f4c789d6de229,c0098efcf800861dcae589affca31408,2017-12-12,176.8,21.73,1.0,credit_card,2.0,198.53
2309862661958363d4ce0211d3116498,1.0,5411e9269501a870cabf632f05655131,3d871de0142ce09b7081e2b9d1733cb1,2017-12-12,129.0,18.15,1.0,credit_card,1.0,147.15
23726774d1a868c3e1b13c0fa85d1308,1.0,64a8306c4d2a3c8ae7290168c0424243,2addf05f476d0637864454e93ba673d5,2017-12-12,195.0,16.12,1.0,credit_card,2.0,211.12
245b2a09d0f787df368d4a370a63eb58,1.0,7c8e2b381bb0fcba5b368961d7823cd2,53243585a1d6dc2643021fd1853d8905,2017-12-12,599.0,58.63,1.0,credit_card,3.0,657.63
2855ff46bd8a1e808b3a96e7bda374c7,1.0,9824c8a777b0a6ec687de43501ba3aba,23d7c96d4a1160db1c726b248601b25a,2017-12-12,239.9,26.52,1.0,credit_card,10.0,266.42
28bbae6599b09d39ca406b747b6632b1,1.0,1cdfaf0cc5abd6063d3a10ae3318f345,da8622b14eb17ae2831f4ac5b9dab84a,2017-12-12,169.9,21.68,1.0,boleto,1.0,191.58
2bc74c35ed9306f5b5349454f3fbf321,1.0,aca2eb7d00ea1a7b8ebd4e68314663af,955fee9216a65b617aa5c0531780ce60,2017-12-12,75.0,20.02,1.0,voucher,1.0,95.02
2c7c7906a21bcdda34af809ce7fa1a19,1.0,53759a2ecddad2bb87a079a1f1519f73,1f50f920176fa81dab994f9023523100,2017-12-12,59.0,13.43,1.0,credit_card,7.0,72.43
2d5d28288be492e268303635a7aa4fec,1.0,9bc7d25a36d620cf449cfdebe3de132f,01fdefa7697d26ad920e9e0346d4bd1b,2017-12-12,57.99,16.17,1.0,credit_card,2.0,74.16
2de5b68f713b073b77fda04cb4868443,1.0,1a3c44587dd8d3db5f2447078bc50d75,3078096983cf766a32a06257648502d1,2017-12-12,47.3,12.69,1.0,boleto,1.0,59.99
2e104824b1ffecb70c5195df299f4b13,1.0,2b0ee2d07306f7c9ac55a43166e9bb4b,1900267e848ceeba8fa32d80c1a5f5a8,2017-12-12,59.99,12.76,1.0,boleto,1.0,72.75
2ebae2ed985f7f0a3beb4fcb70fefa19,1.0,7f967740bec1ec031ac460084afcb4b1,bafc5aa11e413978be29040f51342e70,2017-12-12,289.99,13.73,1.0,credit_card,4.0,303.72
2efe2442effe17b5a17637c88ac2d0d8,1.0,3efd399c5d016b9e6a5ad3196eade44f,503c1de08ae81a2d86f17951b204db55,2017-12-12,243.0,12.91,1.0,credit_card,4.0,255.91
30af846e182aa12984d1454721036e8e,1.0,d3648df999a7213c708253a32f095b53,4b9750c8ad28220fe6702d4ecb7c898f,2017-12-12,48.9,16.11,1.0,boleto,1.0,65.01
3112aed98b4143a8b6eff67cb5c4dcaa,1.0,c695342500b74ff952db47b541726de1,1eade46fba20122dc4aefb379f8c636b,2017-12-12,11.99,7.78,1.0,boleto,1.0,19.77
3456e4510b8dbddfb1d17d38deb2bbe6,1.0,995e25d9b46dee183004994645768d95,955fee9216a65b617aa5c0531780ce60,2017-12-12,49.99,8.72,1.0,credit_card,1.0,58.71
35d971e053ae2a9d79f26918b35c65a3,1.0,72d6074ef5c81ec3102b3f2a052c5f49,edb1ef5e36e0c8cd84eb3c9b003e486d,2017-12-12,139.65,34.78,1.0,credit_card,2.0,174.43
3636e49ba7039156231c33afc15f1dc7,1.0,064a939bcd597315cfda6c98ede1b4c3,229c3efbfb0ea2058de4ccdfbc3d784a,2017-12-12,127.0,14.64,1.0,credit_card,2.0,141.64
36963a629da6c57d926df8f37a9e63a9,1.0,158102fe543dbaeb84d87811bfe06d0d,002100f778ceb8431b7a1020ff7ab48f,2017-12-12,17.9,15.1,1.0,boleto,1.0,33.0
372072460d5ca7c6a3cd1f155aa97205,1.0,0a57f7d2c983bcf8188589a5fea4a8da,4869f7a5dfa277a7dca6462dcf3b52b2,2017-12-12,127.9,16.53,1.0,credit_card,4.0,144.43
37a7476e58da10721b5e55ba4be6807d,1.0,dc36a7859b743d8610a2bbbaea26ece9,191d55f7edb8524d525ed01b20fe32e8,2017-12-12,249.0,9.33,2.0,credit_card,5.0,129.16
37a7476e58da10721b5e55ba4be6807d,1.0,dc36a7859b743d8610a2bbbaea26ece9,191d55f7edb8524d525ed01b20fe32e8,2017-12-12,249.0,9.33,1.0,credit_card,5.0,129.17
38648b71bc657c2d7c0f96930cee401c,1.0,f71f42e2381752836563b70beb542f80,85d9eb9ddc5d00ca9336a2219c97bb13,2017-12-12,31.9,16.79,1.0,credit_card,2.0,48.69
38f57eb1c562736170e0f20b1bb481a6,1.0,f638a5563e72783a14acd5da63e6e372,d91fb3b7d041e83b64a00a3edfb37e4f,2017-12-12,39.9,8.27,1.0,credit_card,1.0,48.17
396ca10a49401efb99c1e55716800936,1.0,2516615ef3ab70913809f9d5fc363740,dee656f0f566ed1aa85bd137c943f08f,2017-12-12,49.99,15.1,1.0,boleto,1.0,65.09
3a38a4a145c96019a17b640f053aecb9,1.0,62644f19deb898e43ebdcd29ff3d9361,dd55f1bb788714a40e7954c3be6df745,2017-12-12,243.89,16.47,1.0,boleto,1.0,260.36
3b48b36a80274ce463ba3def46d6f998,1.0,bee2e070c39f3dd2f6883a17a5f0da45,4e922959ae960d389249c378d1c939f5,2017-12-12,140.0,15.73,1.0,credit_card,2.0,155.73
3b7373170271acc24a203e59f70e5a54,1.0,3db75f31b76375c502f64d550dcd1166,85d9eb9ddc5d00ca9336a2219c97bb13,2017-12-12,31.9,15.1,1.0,credit_card,1.0,47.0
3ca9bfb188b7a5dee65700923d088502,1.0,8ed094bfe076c568f6bb10feada3f75d,7c67e1448b00f6e969d365cea6b010ab,2017-12-12,196.99,65.5,1.0,boleto,1.0,262.49
3cfb6e2f13d190a67c451cb4a359faee,1.0,8e8be416148735cd89189a866eaa5925,7142540dd4c91e2237acb7e911c4eba2,2017-12-12,389.9,15.75,1.0,credit_card,4.0,405.65
3d27905aa7b2ee7fc7bac918f949ea18,1.0,a8d952e8e5436a6fe36d24c402d100de,ea8482cd71df3c1969d7b9473ff13abc,2017-12-12,21.99,7.78,1.0,credit_card,1.0,29.77
3d5f8849e80f8da8726a2ce6fafa7d10,1.0,cfb763496d9fc48751a27db4fd02aa2d,391fc6631aebcf3004804e51b40bcf1e,2017-12-12,49.95,15.1,1.0,boleto,1.0,65.05
3f695ee2567af0b169e482d825ec8e31,1.0,914c9e9af640dd56f48764a225b00f89,7c67e1448b00f6e969d365cea6b010ab,2017-12-12,78.98,39.48,1.0,boleto,1.0,118.46
3feb799ce0a45e25a33828bff05ae553,1.0,8f4b17412563c9aef144af0d2b3745f4,b19f3ca2ea475913750f25a5c37c8d8f,2017-12-12,859.9,123.74,1.0,credit_card,2.0,983.64
4035b52134bcb1bdaf305b4671495372,1.0,aa2f410b8f9a8e3e6320540174a4edfe,8a32e327fe2c1b3511609d81aaf9f042,2017-12-12,85.99,11.81,1.0,credit_card,9.0,97.8
40446434c53465a79e399826ce1723bf,1.0,8e32a514da51f104caa9cfbad8df8432,25e6ffe976bd75618accfe16cefcbd0d,2017-12-12,54.43,16.14,1.0,credit_card,1.0,70.57
40aeee6b37546436d467e37ce3e58f6a,1.0,ee0c1cf2fbeae95205b4aa506f1469f0,cc419e0650a3c5ba77189a1882b7556a,2017-12-12,53.99,15.13,1.0,boleto,1.0,69.12
44c6f378324b6f93d7165435bbc030b4,1.0,8c591ab0ca519558779df02023177f44,a1043bafd471dff536d0c462352beb48,2017-12-12,89.99,26.25,1.0,credit_card,2.0,116.24
4582df009a901c9936acf91fb8355626,1.0,a2f2d194871ef351cfa8271184bfafc3,431af27f296bc6519d890aa5a05fdb11,2017-12-12,69.9,17.74,1.0,credit_card,1.0,87.64
466f73a6394012b9c7cfe801be0c04c3,1.0,717e3638662e1747dea15a605cba7914,2a7dc43cecabf23403078e2188437d1d,2017-12-12,350.0,18.7,1.0,credit_card,18.0,368.7
47a0b966a6a543cd3817b26d40ab8041,1.0,f2610c932aaabc3eb24c3512b498a838,f680f85bee2d253556ac91be391d2c82,2017-12-12,49.99,16.6,1.0,credit_card,2.0,133.18
47a0b966a6a543cd3817b26d40ab8041,2.0,f2610c932aaabc3eb24c3512b498a838,f680f85bee2d253556ac91be391d2c82,2017-12-12,49.99,16.6,1.0,credit_card,2.0,133.18
49325c2deee76676f1abd4811847e835,1.0,3429d7e4892a2df967fae671f4c98deb,900ba814c251a692506d7834c1218441,2017-12-12,370.47,33.34,1.0,credit_card,8.0,403.81
4955ee3a893b3b780fedd621473486b7,1.0,7189fb70393a0b87189f93f19655f8db,dd533b429f380718b70ad9922c294bae,2017-12-12,49.9,16.11,1.0,credit_card,1.0,66.01
497260b9290b6023e122bda1f4cd1ae6,1.0,b791d5d05f0c974d148d358efcd21d84,7aa4334be125fcdd2ba64b3180029f14,2017-12-12,25.99,12.69,1.0,boleto,1.0,38.68
4c194282048e1ed6f061507789ff9c81,1.0,76fffd0056ad48fbddac939c05e05cff,6560211a19b47992c3666cc44a7e94c0,2017-12-12,49.0,7.78,1.0,credit_card,1.0,56.78
4c48c455b847c7a5d291a519e1e42d28,1.0,3ced865c94d3396f990864fa7aef9104,ea8482cd71df3c1969d7b9473ff13abc,2017-12-12,24.99,34.15,1.0,credit_card,2.0,32.66
4c48c455b847c7a5d291a519e1e42d28,1.0,3ced865c94d3396f990864fa7aef9104,ea8482cd71df3c1969d7b9473ff13abc,2017-12-12,24.99,34.15,2.0,credit_card,2.0,26.48
4c4d0f4c8d4f702981b6ecad4dc40ca4,1.0,595fac2a385ac33a80bd5114aec74eb8,058fd0aa2bfdb2274e05e1ae971dabb6,2017-12-12,118.0,14.58,1.0,credit_card,5.0,132.58
4d9ec9c5440b083e87ee872dec1b32fb,1.0,0fa81e7123fd0ebe03adbbe99d912827,da8622b14eb17ae2831f4ac5b9dab84a,2017-12-12,99.9,17.95,1.0,boleto,1.0,117.85
4dbb5ab859405ac1cb171f7cd93e7f3a,1.0,3db75f31b76375c502f64d550dcd1166,85d9eb9ddc5d00ca9336a2219c97bb13,2017-12-12,31.9,15.1,1.0,voucher,1.0,47.0
4f281ef289adc50c1d9b0e5268a71354,1.0,a73f8a8294cb767f0823d21c2b1dba6f,3d871de0142ce09b7081e2b9d1733cb1,2017-12-12,58.9,12.75,1.0,boleto,1.0,71.65
4f47a3029d8fccc7276b8545bb5a9869,1.0,0830788ce2a21bb3aacbd956403f7851,7b07b3c7487f0ea825fc6df75abd658b,2017-12-12,139.8,18.23,1.0,credit_card,1.0,158.03
4faa39a0be8eecc06da4367b6ed2757e,1.0,79c0ace2ccf0da036e787875a49151a4,b32be1695eb7ec5f10f72d9610a12527,2017-12-12,379.0,71.53,1.0,credit_card,4.0,450.53
500c03ceb1146ec73ff0263b4d0e0c72,1.0,bdc3291ab242ec1effc8eb0987850268,dbd66278cbfe1aa1000f90a217ca4695,2017-12-12,29.0,11.85,1.0,credit_card,4.0,40.85
508692b097f28d849a080d75cfcc2ef1,1.0,1d6b1ff2a0ef2336832512132b3af6aa,77530e9772f57a62c906e1c21538ab82,2017-12-12,119.0,14.56,1.0,credit_card,10.0,133.56
5108adf7c59ec5c88f7f272084921e91,1.0,b84c4c7f1845f068f40e350865b803fa,01fdefa7697d26ad920e9e0346d4bd1b,2017-12-12,118.9,14.56,1.0,credit_card,2.0,133.46
5128c20bdff8d882354c66e58d3e1d92,1.0,e6d3e381889aa6e9d222ad50cb30ac43,b33e7c55446eabf8fe1a42d037ac7d6d,2017-12-12,219.0,16.28,1.0,credit_card,6.0,235.28
5151440ea2132efaa3964222d023b19c,1.0,8c591ab0ca519558779df02023177f44,a1043bafd471dff536d0c462352beb48,2017-12-12,89.99,26.25,1.0,credit_card,2.0,232.48
5151440ea2132efaa3964222d023b19c,2.0,8c591ab0ca519558779df02023177f44,a1043bafd471dff536d0c462352beb48,2017-12-12,89.99,26.25,1.0,credit_card,2.0,232.48
53815e4265210269cfb244e83a715fe8,1.0,1cd4e06e315c38b1a4a3268caa41fcd8,897060da8b9a21f655304d50fd935913,2017-12-12,177.0,17.0,1.0,credit_card,1.0,194.0
53cb5f5ec120b69e739f77e3fcd21284,1.0,08574b074924071f4e201e151b152b4e,001cca7ae9ae17fb1caed9dfb1094831,2017-12-12,99.0,33.08,1.0,credit_card,2.0,132.08
55e9283a19ea152d7047c8be0f5009e4,1.0,4fce0eab61e01d521044c8b071cdfead,0509040ea3fe50071181bbc359eb7738,2017-12-12,23.8,15.79,1.0,credit_card,1.0,39.59
580e9410cdbeb1ec66a48d3d0454dd17,1.0,f71f42e2381752836563b70beb542f80,85d9eb9ddc5d00ca9336a2219c97bb13,2017-12-12,31.9,17.63,2.0,voucher,1.0,49.45
580e9410cdbeb1ec66a48d3d0454dd17,1.0,f71f42e2381752836563b70beb542f80,85d9eb9ddc5d00ca9336a2219c97bb13,2017-12-12,31.9,17.63,1.0,credit_card,1.0,0.08
5847b00fe9b3df8c2c090ec62a73f9d9,1.0,cdef49b7bb863e9db298e7868ddf93e3,6560211a19b47992c3666cc44a7e94c0,2017-12-12,56.0,14.14,1.0,credit_card,2.0,70.14
599b4f476f3590d89be00a727812d390,1.0,990ddab43ee46a1a76436796f92470d4,0b90b6df587eb83608a64ea8b390cf07,2017-12-12,119.2,18.4,1.0,credit_card,2.0,137.6
59c9ef4cc5672739658022aedd2e01dc,1.0,b3cf0a98f31b76ed0cec13d9c77102c4,1bb2bdb95f4841f1bba2c0d2cd83d3c9,2017-12-12,27.93,8.72,1.0,credit_card,1.0,36.65
5e3729322319aad9409e9ca36aac26da,1.0,1af2a3ec7cecc4015321e562a26c9d1d,080102cd0a76b09e0dcf55fcacc60e05,2017-12-12,42.79,15.79,1.0,boleto,1.0,58.58
5f388b746633707438472151bf468e6f,1.0,2f5e485bacfeb554bec55cd497c9bc51,4830e40640734fc1c52cd21127c341d4,2017-12-12,45.99,7.78,1.0,credit_card,1.0,53.77
5f6ff645a46107b55fd2cfe055bcd276,1.0,a662d99595c3b6054702480cb7382afe,a6fe7de3d16f6149ffe280349a8535a0,2017-12-12,59.9,15.17,1.0,credit_card,1.0,75.07
60411e99d7a03ab219097882e0a58118,1.0,78efe838c04bbc568be034082200ac20,0241d4d5d36f10f80c644447315af0bd,2017-12-12,99.9,23.57,1.0,boleto,1.0,123.47
60cff1372b45d7f481adbab11476d143,1.0,def347b50c7dcc58410c7d66d14b87b4,de23c3b98a88888289c6f5cc1209054a,2017-12-12,150.0,9.86,1.0,credit_card,1.0,159.86
61e278d1de3edd9fe7a19d62737ebbf0,1.0,95a7d5ca0408f97bdf54c821b173684b,2156f2671501a81034d7d07f217609d0,2017-12-12,209.0,14.02,1.0,credit_card,8.0,223.02
62505127063f51deaf665f237ee748c2,1.0,bef6177f54efb9a6218e124b629fc152,620c87c171fb2a6dd6e8bb4dec959fc6,2017-12-12,339.9,18.14,1.0,credit_card,10.0,358.04
62628ad72362122adab99bbe834e0d25,1.0,4c2394abfbac7ff59ec7a420918562fa,cc419e0650a3c5ba77189a1882b7556a,2017-12-12,84.99,16.35,1.0,boleto,1.0,101.34
6361934420f488713f6afe6ecb2500b2,1.0,5e015730deea7dfbee442adfb1e29b27,fe2032dab1a61af8794248c8196565c9,2017-12-12,179.9,9.82,1.0,boleto,1.0,189.72
6539a21d87787dfca12d638dab136511,1.0,e59dd207c69d86e890febadc796d1078,1c68394e931a64f90ea236c5ea590300,2017-12-12,169.9,15.94,1.0,credit_card,2.0,185.84
666a6189eb4abc80b00d96312defb014,1.0,422879e10f46682990de24d770e7f83d,1f50f920176fa81dab994f9023523100,2017-12-12,59.0,19.65,1.0,boleto,1.0,78.65
6677dfc653950d84f87baab07c112a77,1.0,fb338b6903065759031dcb1d6cf7cac9,33a17d60c64393351ebf1ef860f4e0f2,2017-12-12,174.97,15.43,1.0,boleto,1.0,190.4
682fba8f9ac0c164d162ff702d6bcc23,1.0,99f265229d46f700208ad7cb1ff48aae,ea8482cd71df3c1969d7b9473ff13abc,2017-12-12,29.99,16.79,1.0,boleto,1.0,46.78
685560f41db4ede51af9319e0def06f1,1.0,7b85e3deef35afd6ebed5461ee8f0641,897060da8b9a21f655304d50fd935913,2017-12-12,30.21,17.6,1.0,credit_card,3.0,47.81
68e33327507074efed3dedd5d5c5d2bb,1.0,089a01980b4c58c4183de3b75bd42363,9baf5cb77970f539089d09a38bcec5c3,2017-12-12,310.99,27.02,1.0,credit_card,3.0,338.01
696428244100d1ab711bc608f832e5ef,1.0,2e217eb628a12a225a0bfb3fc6512fcd,b2ba3715d723d245138f291a6fe42594,2017-12-12,154.9,50.95,1.0,credit_card,7.0,205.85
6a1fa0e6aaa492df09c581af143879a8,1.0,8dfb03487cbe37c4d46e3e372a7df1b7,1c5e4e49b9079480255b49d50aac1aa9,2017-12-12,589.0,40.48,1.0,credit_card,10.0,629.48
6c28a6a98f83b0405d2bfc4ba655e15b,1.0,f71f42e2381752836563b70beb542f80,85d9eb9ddc5d00ca9336a2219c97bb13,2017-12-12,31.9,14.1,1.0,boleto,1.0,46.0
6f6bef4f457d0f672f90f3922db69090,1.0,7b32b1b87594b60dced8abb4531d2986,c9c7905cffc4ef9ff9f113554423e671,2017-12-12,119.99,14.59,1.0,credit_card,2.0,134.58
6f714d580daa8c3faffadb162c76f239,1.0,b623b7cb05ee3248fbe4a6ecbeed79a4,7aa4334be125fcdd2ba64b3180029f14,2017-12-12,70.97,17.75,1.0,credit_card,1.0,88.72
6fd40293a9be9f1682cb718c67f0a568,1.0,a62e25e09e05e6faf31d90c6ec1aa3d1,634964b17796e64304cadf1ad3050fb7,2017-12-12,108.0,9.77,1.0,boleto,1.0,117.77
70607d8252a17da1eece85cc656be12f,1.0,ee406bf28024d97771c4b1e8b7e8e219,7a67c85e85bb2ce8582c35f2203ad736,2017-12-12,144.99,12.22,1.0,credit_card,3.0,157.21
713ab5cfa6f7bc9064c48297201793f3,1.0,db35a562fb6ba63e19fa42a15349dc04,282f23a9769b2690c5dda22e316f9941,2017-12-12,38.6,17.92,1.0,credit_card,2.0,113.04
713ab5cfa6f7bc9064c48297201793f3,2.0,db35a562fb6ba63e19fa42a15349dc04,282f23a9769b2690c5dda22e316f9941,2017-12-12,38.6,17.92,1.0,credit_card,2.0,113.04
72ca18d829e0a0e0a9165f32316fefad,1.0,60184212dae4e6b0da32bf54271a8c4a,b33e7c55446eabf8fe1a42d037ac7d6d,2017-12-12,369.0,14.08,1.0,credit_card,3.0,383.08
73cb429669ebb88bba7787201730c88e,1.0,0a9a9c25c5a06532d1766e00db833a7f,da8622b14eb17ae2831f4ac5b9dab84a,2017-12-12,14.9,15.1,1.0,credit_card,1.0,30.0
73cfd52c2ab878481307dcd97df6155c,1.0,d2085f7e0f9533605386960fc7e987ec,aac29b1b99776be73c3049939652091d,2017-12-12,12.49,12.48,1.0,credit_card,1.0,6.51
73cfd52c2ab878481307dcd97df6155c,1.0,d2085f7e0f9533605386960fc7e987ec,aac29b1b99776be73c3049939652091d,2017-12-12,12.49,12.48,2.0,voucher,1.0,18.46
7428a574ede28cd343748b3ea5778d35,1.0,05f581382fca988fec41f4a3de0e0fda,4ebdc7e6cd6102a022dadc49156d4ea8,2017-12-12,25.9,7.78,1.0,credit_card,3.0,33.68
7736401fe4311425d521c73b6d20cdf2,1.0,ec2d43cc59763ec91694573b31f1c29a,1c129092bf23f28a5930387c980c0dfc,2017-12-12,45.9,9.34,1.0,credit_card,4.0,55.24
774398c3ac79463f502a2fff60e2518f,1.0,5a848e4ab52fd5445cdc07aab1c40e48,c826c40d7b19f62a09e2d7c5e7295ee2,2017-12-12,122.99,9.06,1.0,boleto,1.0,132.05
7873f8c18442c79931e94c2a378f5f7d,1.0,15873878161dd60a2de39df25443080e,ac3508719a1d8f5b7614b798f70af136,2017-12-12,79.9,16.32,1.0,credit_card,6.0,96.22
78b0a4015f5da60b5e2371d7fea67658,1.0,bb7c4f517d04b6b36671d63ef0f198b0,1554a68530182680ad5c8b042c3ab563,2017-12-12,129.9,50.57,1.0,voucher,1.0,180.47
78ff4e2150a4d62c899729924518c667,1.0,95b5840b09c3e9adc94a0f6bc783f4ef,113e3a788b935f48aad63e1c41dac1bd,2017-12-12,9.32,15.1,1.0,credit_card,2.0,24.42
79dcf055e74b18132713733d8a66a44d,1.0,08574b074924071f4e201e151b152b4e,001cca7ae9ae17fb1caed9dfb1094831,2017-12-12,99.0,33.08,1.0,credit_card,2.0,132.08
7a9436be8022293777e4f2619c171b17,1.0,719d571299707561c34ba04ab867b32a,0ef83d7d83ed97cd2a0049ac8be5f88a,2017-12-12,56.89,16.97,1.0,credit_card,7.0,73.86
7c6985797df04a52bd0d0b4b2b2bfb61,1.0,fe75529a267b76ac6e96f0c322a899a4,620c87c171fb2a6dd6e8bb4dec959fc6,2017-12-12,129.9,16.67,1.0,credit_card,4.0,146.57
7d8cbe66ebd79f0202cc906a1dc9c91b,1.0,54b755678728b84472c2b654ac4de777,a3dd39f583bc80bd8c5901c95878921e,2017-12-12,39.9,42.38,1.0,credit_card,1.0,82.28
7d8d2dfe79978690805299920334577d,1.0,4e3218a8ef98e65fece172834193d05e,1da3aeb70d7989d1e6d9b0e887f97c23,2017-12-12,59.99,7.78,1.0,credit_card,1.0,67.77
7dcc606b3f901994e1d223bb4d9626ed,1.0,71835d687609f578b92692f98ab16100,cac4c8e7b1ca6252d8f20b2fc1a2e4af,2017-12-12,49.99,11.73,1.0,boleto,1.0,61.72
7e8a02cddca8f2dccebedb8b6b75ba5b,1.0,8844bd4b8ca8f93603694ca2bceb77e9,cc419e0650a3c5ba77189a1882b7556a,2017-12-12,84.99,13.15,1.0,credit_card,2.0,98.14
7ea90189a26e230e809891078dcb8f45,1.0,fec3b45dc09b257690a09a742870b149,73a63f72308aa20a46f4b1632018f196,2017-12-12,44.95,18.59,1.0,credit_card,3.0,190.62
7ea90189a26e230e809891078dcb8f45,2.0,fec3b45dc09b257690a09a742870b149,73a63f72308aa20a46f4b1632018f196,2017-12-12,44.95,18.59,1.0,credit_card,3.0,190.62
7ea90189a26e230e809891078dcb8f45,3.0,fec3b45dc09b257690a09a742870b149,73a63f72308aa20a46f4b1632018f196,2017-12-12,44.95,18.59,1.0,credit_card,3.0,190.62
80de45019ba6e7e9fed689c68e1d67e8,1.0,17f99ae9c53e7e8804b2c78492d11744,6fd52c528dcb38be2eea044946b811f8,2017-12-12,49.89,8.72,2.0,voucher,1.0,50.0
80de45019ba6e7e9fed689c68e1d67e8,1.0,17f99ae9c53e7e8804b2c78492d11744,6fd52c528dcb38be2eea044946b811f8,2017-12-12,49.89,8.72,1.0,credit_card,1.0,8.61
812a3cd39ef8ee7455ea166a05534b0a,1.0,2342acbbf4c5ba6896316d17a573f40f,080199a181c46c657dc5aa235411be3b,2017-12-12,179.49,15.01,1.0,credit_card,3.0,194.5
817856093e04996ba35912467fcb6706,1.0,aa68f61c9b2dbcd9cce6c45e80dfbff7,128639473a139ac0f3e5f5ade55873a5,2017-12-12,18.9,34.15,1.0,credit_card,1.0,53.05
8224adc48f3ab28936439f668b9c3739,1.0,29c9a765d2ce9ee6d6ee72d6c316b9ef,244c2f1bff6afe1f2eaf9bfe9b2aed38,2017-12-12,99.0,52.7,1.0,credit_card,3.0,151.7
8251eaa2e6ddef54b733bbac505cb57b,1.0,fac45b7ba2d8cbbf4d7ab67256745106,1b4c3a6f53068f0b6944d2d005c9fc89,2017-12-12,119.9,27.16,1.0,credit_card,2.0,147.06
8283e42dd17845a4b3621ca92e934866,1.0,76d1a1a9d21ab677a61c3ae34b1b352f,c826c40d7b19f62a09e2d7c5e7295ee2,2017-12-12,259.77,15.57,1.0,credit_card,3.0,275.34
830f12a85d0bd0678bb5cbfe58b68cf2,1.0,b623b7cb05ee3248fbe4a6ecbeed79a4,7aa4334be125fcdd2ba64b3180029f14,2017-12-12,70.97,13.52,1.0,credit_card,1.0,84.49
83f4ef880ab532703def37dd9c0e7348,1.0,22c5ddc22ea8cae84fc9917def682dc6,cc419e0650a3c5ba77189a1882b7556a,2017-12-12,56.99,15.15,1.0,boleto,1.0,72.14
8563ba5846a265d99db932d71e8f5b8c,1.0,0cbd1fb25fc901e985012fbc87488a92,3bb548e3cb7f70f28e3f11ee9dce0e59,2017-12-12,169.9,16.95,1.0,boleto,1.0,186.85
85f2d1d18951198c1beca750c4df59b1,1.0,f2e2678188e0f3bc983dd3935f69b746,05d2173d43ea568aa0540eba70d2ca76,2017-12-12,69.0,26.1,1.0,credit_card,1.0,95.1
860f0c4fdcb1c4c50661ee588b03254e,1.0,01da7f08d8327e0b4fab7edaa0c417a4,4e922959ae960d389249c378d1c939f5,2017-12-12,298.0,16.84,1.0,boleto,1.0,314.84
87218c61d4b05c0bc1b4f0872218a3c8,1.0,3f29ff76d9ee5fd080b96ce49afc6c94,f8db351d8c4c4c22c6835c19a46f01b0,2017-12-12,47.9,15.1,1.0,boleto,1.0,63.0
88619b87b77a72ba17043ae30bd6378e,1.0,d00f6c52d2730de05fb409f09ab6e732,3969863bb8af7f72580b3b1ffd3a17b3,2017-12-12,44.99,13.08,1.0,credit_card,1.0,58.07
88c58a28309ec405852216aa601ae32e,1.0,64315bd8c0c47303179dd2e25b579d00,7aa4334be125fcdd2ba64b3180029f14,2017-12-12,89.8,24.94,1.0,credit_card,3.0,114.74
8942a6fec26a6b80ba003514457c9d8d,1.0,ad88641611c35ebd59ecda07a9f17099,c826c40d7b19f62a09e2d7c5e7295ee2,2017-12-12,157.77,14.85,1.0,debit_card,1.0,172.62
8ac93a8ac692eb2429203b73b7adf7bb,1.0,306f08b921e16b00a795166ea8edcdee,b2ba3715d723d245138f291a6fe42594,2017-12-12,64.9,13.47,1.0,credit_card,3.0,78.37
8acd3c67960fe58a4eeed4d38cb3d578,1.0,b74e417edb66c4c82499151729219c36,670a9dda115b5a88b18cfadee8de2332,2017-12-12,89.9,15.38,1.0,credit_card,2.0,105.28
8c313d4a1bea83111be5bb00105397dd,1.0,34aec6c5358dee4e71cbaefc14935c5e,4e922959ae960d389249c378d1c939f5,2017-12-12,36.0,11.85,1.0,credit_card,4.0,47.85
8d0eadc2f03365a8b7ba45670cc5228e,1.0,c2441af97dc659059897209bd93bfc3e,16090f2ca825584b5a147ab24aa30c86,2017-12-12,24.49,15.1,1.0,credit_card,1.0,39.59
8e47346bc3dea2d181257a36606bd522,1.0,57d79905de06d8897872c551bfd09358,ea8482cd71df3c1969d7b9473ff13abc,2017-12-12,24.99,15.1,1.0,credit_card,1.0,40.09
8e8dc18c47816845c5fbd5818bd069f8,1.0,9afaad66aca8b0c79e4f084a89c9c92b,42bde9fef835393bb8a8849cb6b7f245,2017-12-12,189.0,16.07,1.0,credit_card,4.0,205.07
9183260cf469f329e0804feccc1cf0f4,1.0,2bb3e85f2a403543fdb64e266e70c792,76d64c4aca3a7baf218bf93ef7fa768d,2017-12-12,329.9,67.4,1.0,credit_card,8.0,397.3
918b23cbb191b942f9b138e7aafb295c,1.0,fde84a599b4b96ce7eef9109caece04b,f5b44895715ddfe3087dc414f30268f3,2017-12-12,27.9,25.63,1.0,boleto,1.0,53.53
945cebd7f0d6886e7971663839507ec4,1.0,f98ab3dc92c46ebabdc8f613acfae537,709e16e2b25c7474d980076c6bfc4806,2017-12-12,37.9,11.85,1.0,credit_card,3.0,49.75
9526afac09af0c00e87b74eb7290b6ec,1.0,498297b9721ee352dc65a4df65688433,ff82e8873fba613f2261a9acc896fd84,2017-12-12,14.9,16.11,1.0,credit_card,2.0,31.01
97553c366fcbfb1a3cd27514c50b34d5,1.0,717e96fd0fc2d06fe158982bce5e6a8f,7a67c85e85bb2ce8582c35f2203ad736,2017-12-12,229.99,14.16,1.0,boleto,1.0,244.15
9820515fe9c6b7977e6078f761471226,1.0,a321aef4233c6e0d55788de8b9a3aeac,ea8482cd71df3c1969d7b9473ff13abc,2017-12-12,28.99,7.78,1.0,credit_card,2.0,36.77
9831a29d7f2e1f0526ea5d4f687ad13e,1.0,7a7416293b9692d84c900dda5e63c607,643214e62b870443ccbe55ab29a4dccf,2017-12-12,118.6,8.09,1.0,boleto,1.0,126.69
9857f54859b9fdd422603774883d90ae,1.0,4ef9e7430e9943ddad2f1b194480ecc8,6f892e20a171e98efe17fdb971ff319b,2017-12-12,199.9,12.9,1.0,credit_card,4.0,212.8
99c9fec8ab028336e605f216e55337e6,1.0,a323784ac31c377c5ecaa26b8cb155db,7178f9f4dd81dcef02f62acdf8151e01,2017-12-12,49.9,15.1,1.0,credit_card,1.0,65.0
9ab17910110e2869d3b5644d2002eb40,1.0,c8894c0b162237058026ee80fe6a6f56,30a2f535bb48308f991d0b9ad4a8c4bb,2017-12-12,49.9,8.72,1.0,credit_card,5.0,58.62
9acc06ae2e1207f5e808f38266a19328,1.0,c9af29e8a0c52866bb2c9f5f6344d9b2,77530e9772f57a62c906e1c21538ab82,2017-12-12,68.0,16.24,1.0,credit_card,1.0,84.24
9b04dbbc638c90f5ef32517e299b56ee,1.0,1b3b11f766f6efa38c3a7ab54b956a49,71039d19d4303bf9054d69e9a9236699,2017-12-12,32.9,15.1,1.0,boleto,1.0,48.0
9b536ddb073db4391797658cad90522f,1.0,5ca5d42f98d39aa421923c2fde2c1558,b32be1695eb7ec5f10f72d9610a12527,2017-12-12,998.0,24.82,1.0,credit_card,10.0,1022.82
9b802ee9dfe931bb3bf0c9a23a0a2780,1.0,97170c28efde1b426f1c52348fe1c086,6560211a19b47992c3666cc44a7e94c0,2017-12-12,129.0,14.65,1.0,credit_card,6.0,287.3
9b802ee9dfe931bb3bf0c9a23a0a2780,2.0,97170c28efde1b426f1c52348fe1c086,6560211a19b47992c3666cc44a7e94c0,2017-12-12,129.0,14.65,1.0,credit_card,6.0,287.3
9c6b8dfbae8e7bac6fa1e9f198a5bb76,1.0,c4baedd846ed09b85f78a781b522f126,a1043bafd471dff536d0c462352beb48,2017-12-12,89.99,45.09,1.0,credit_card,1.0,135.08
9dc439a9d732ca991174a53f114c3cde,1.0,41150780d8eb1857e9575c5e3c23c0f0,2528513dd95219a6013d4d05176e391a,2017-12-12,199.0,12.6,1.0,boleto,1.0,211.6
9dc7367f5323e820036ac781a73715ba,1.0,bdc3291ab242ec1effc8eb0987850268,dbd66278cbfe1aa1000f90a217ca4695,2017-12-12,29.0,15.79,1.0,credit_card,4.0,44.79
9f2092eca1ec4584dd2b7ccea8fdf0b4,1.0,72fd27ef586cb111f4a1364a61734a6c,c68fb906c8f4b4b946d8386bfa6e5467,2017-12-12,96.4,12.17,1.0,credit_card,1.0,108.57
9fcbf999818b2fdac16197fe22bd2bd1,1.0,63de2743d05ab59d85caa49e49459ac1,cbd996ad3c1b7dc71fd0e5f5df9087e2,2017-12-12,19.9,11.85,1.0,boleto,1.0,31.75
a13d02b31625a8f75ca5aa080d698c8e,1.0,2f1927c926303d27159849d2601d5d96,33ac3e28642ab8bda860a2f693000e78,2017-12-12,104.9,9.55,1.0,boleto,1.0,114.45
a198770e8161a0593a4acdbd70b6681a,1.0,0adf970bf07772b0f8c88f664e146221,81a1104df0f08b59c68aa5b03cfe398e,2017-12-12,98.63,21.53,1.0,credit_card,2.0,120.16
a25f8c8c17243276e72fca0857e94789,1.0,bdc3291ab242ec1effc8eb0987850268,dbd66278cbfe1aa1000f90a217ca4695,2017-12-12,29.0,15.1,1.0,credit_card,1.0,88.2
a25f8c8c17243276e72fca0857e94789,2.0,bdc3291ab242ec1effc8eb0987850268,dbd66278cbfe1aa1000f90a217ca4695,2017-12-12,29.0,15.1,1.0,credit_card,1.0,88.2
a2fdb1524c742eb62a4dd8e37588e9d2,1.0,b112694f32005c5254383ccf38bfd11f,e9bc59e7b60fc3063eb2290deda4cced,2017-12-12,195.9,14.39,1.0,boleto,1.0,210.29
a30f5af56b85e9f22df0e5686c66a627,1.0,4b96786612ebe7463132fce2c4dca136,d94a40fd42351c259927028d163af842,2017-12-12,129.0,23.57,1.0,boleto,1.0,305.13
a30f5af56b85e9f22df0e5686c66a627,2.0,1e618d311a1b7f88a9d96ec50aa85582,d94a40fd42351c259927028d163af842,2017-12-12,129.0,23.56,1.0,boleto,1.0,305.13
a40eb8e0891c4523a545f31388c2ebe5,1.0,b5e13c9a353102f79c6206ff5cb61a50,a49928bcdf77c55c6d6e05e09a9b4ca5,2017-12-12,89.9,11.83,1.0,credit_card,2.0,101.73
a472cc850b21b27f04a2b80546d3910e,1.0,6a8631b72a2f8729b91514db87e771c0,128639473a139ac0f3e5f5ade55873a5,2017-12-12,25.9,12.48,1.0,credit_card,1.0,38.38
a510c00bf911ad87c19350719d460ecd,1.0,39d4a8413d363755330d17445a28a76f,f80edd2c5aaa505cc4b0a3b219abf4b8,2017-12-12,122.9,28.24,1.0,credit_card,10.0,151.14
a5cb0c790b2769b76dbd70429cb66d96,1.0,e899d44e1fbd1131a4c94b9f7bb1ff2a,725c32fa80c2faacc4fc88450d27314e,2017-12-12,99.98,9.51,1.0,credit_card,1.0,109.49
a650c3b90a4fe07df3649652c1571200,1.0,a8aae2d57f0b7d4b495da36a2ea21385,8bb48dc19fccaa8613b6229bf7f452a2,2017-12-12,105.6,17.45,1.0,credit_card,10.0,123.05
a7507007d328f9469ed7384cbfc8f7a9,1.0,ff96895c6b1d31f34b2d82f86670fa85,da8622b14eb17ae2831f4ac5b9dab84a,2017-12-12,169.9,21.68,1.0,credit_card,7.0,191.58
a91402873e20638661e1df60e8eb63dd,1.0,afc6bc70dc56fcf15c7f9f1e4bc67dda,ce7d1888639e6fb06b2749cbfdac1ff7,2017-12-12,149.0,121.22,1.0,credit_card,2.0,270.22
a9850cfaa6a85bd626e548413454f108,1.0,2a5806f10d0f00e5ad032dd2e3c8806e,7c67e1448b00f6e969d365cea6b010ab,2017-12-12,169.99,36.85,1.0,credit_card,6.0,206.84
a9b4d68c2c9921f6475ffb650b6c41bd,1.0,e84bf31698e5842d605c5aa9cfc8b02a,4e17c65a516f69d023a2ae78b84f28d6,2017-12-12,12.99,11.73,1.0,boleto,1.0,24.72
a9b6d8e262a7af70b343cb113509e489,1.0,53bd0c908c6ab820c9828763348728ef,cca3071e3e9bb7d12640c9fbe2301306,2017-12-12,79.9,13.58,1.0,credit_card,2.0,93.48
abd94092d66fe4243b9297c30cbadf52,1.0,52c80cedd4e90108bf4fa6a206ef6b03,a1043bafd471dff536d0c462352beb48,2017-12-12,179.99,45.72,1.0,credit_card,2.0,225.71
ac75a9ba33bcc9cefc7e36b0f4cc044a,1.0,1dad4dd7924d7c81aaca41d4a716433d,6d66611d7c44cc30ce351abc49a68421,2017-12-12,53.9,11.88,1.0,credit_card,7.0,75.98
acbcf9f01dae9955841ae74fa15840fc,1.0,aba85c958ea6774626886041ac01acf1,e5a3438891c0bfdb9394643f95273d8e,2017-12-12,34.3,15.1,1.0,credit_card,4.0,98.8
acbcf9f01dae9955841ae74fa15840fc,2.0,aba85c958ea6774626886041ac01acf1,e5a3438891c0bfdb9394643f95273d8e,2017-12-12,34.3,15.1,1.0,credit_card,4.0,98.8
ad1ffca90f5325d0f320f2b0f54eb114,1.0,f71f42e2381752836563b70beb542f80,85d9eb9ddc5d00ca9336a2219c97bb13,2017-12-12,31.9,16.79,1.0,credit_card,4.0,48.69
ada72a2d2e2c5621b9391b68e9cfa74b,1.0,e3dd336775af78a83fc27ed85f0f15da,edb1ef5e36e0c8cd84eb3c9b003e486d,2017-12-12,395.65,19.21,1.0,credit_card,2.0,414.86
af4be6b90fa33a1fcfdb55462230fdc7,1.0,ee0c1cf2fbeae95205b4aa506f1469f0,cc419e0650a3c5ba77189a1882b7556a,2017-12-12,53.99,15.13,1.0,credit_card,6.0,69.12
b144e2ac9863ed27bc59dbe4dd2f8773,1.0,f83fd2b539bc73678c65be8d418be8c1,270d3ef21830ad0ecf3a6c53d08a533a,2017-12-12,38.0,11.85,1.0,credit_card,2.0,99.7
b144e2ac9863ed27bc59dbe4dd2f8773,2.0,f83fd2b539bc73678c65be8d418be8c1,270d3ef21830ad0ecf3a6c53d08a533a,2017-12-12,38.0,11.85,1.0,credit_card,2.0,99.7
b19c9babb9e3821296dbd532f9adb5e9,1.0,246bb3747799aedac65feef38ac9e734,66e0557ecc2b4dbea057e93f215f68d8,2017-12-12,454.0,19.62,1.0,credit_card,1.0,473.62
b28f0b71b3719fdab137d7263d469001,1.0,dc404a1496a08f9f5540c8b5d4b92925,46dc3b2cc0980fb8ec44634e21d2718e,2017-12-12,299.99,14.93,1.0,boleto,1.0,314.92
b2adafcef9baffbef06c6e49e3d64c71,1.0,e2f1ccf86759df28dd1e9f2e0e3242d4,df0f42bc4c2142eacf0eaf2cffd0cfbb,2017-12-12,99.0,15.44,1.0,boleto,1.0,114.44
b44d57df8658ffbfb846852cee8d87d2,1.0,251876e7ba013b87b7262fb2524e2d60,7aa4334be125fcdd2ba64b3180029f14,2017-12-12,64.89,13.47,1.0,credit_card,5.0,78.36
b4507f69b71b51c75fbdbea7912ee840,1.0,3d3c4219b64b1a968490e7bdfa43bf1f,0bae85eb84b9fb3bd773911e89288d54,2017-12-12,49.9,20.84,1.0,credit_card,3.0,70.74
b4cfd92086298b1af6fd30b2625583c8,1.0,2ea92fab7565c4fe9f91a5e4e1756258,3d871de0142ce09b7081e2b9d1733cb1,2017-12-12,79.0,17.8,1.0,credit_card,8.0,96.8
b52571bcd79c8d0e16272c548228a5a4,1.0,ebc714d9f070a89f4d411982ea9670fb,46dc3b2cc0980fb8ec44634e21d2718e,2017-12-12,499.99,23.99,1.0,credit_card,5.0,523.98
b55b34e107238df26137bc117f892827,1.0,96ea4f32befa14bd8ab36fd6827a5e3f,de23c3b98a88888289c6f5cc1209054a,2017-12-12,59.99,9.34,1.0,credit_card,2.0,138.66
b55b34e107238df26137bc117f892827,2.0,bf477d995ee4444807afc574cfbcc1c1,de23c3b98a88888289c6f5cc1209054a,2017-12-12,59.99,9.34,1.0,credit_card,2.0,138.66
b6830fb4fc4fc7ef2c897fe89e621f3b,1.0,1600dcf1cea8c0c83702e07b577ab231,6560211a19b47992c3666cc44a7e94c0,2017-12-12,44.0,17.63,1.0,credit_card,3.0,61.63
b778fd298c71b362595bb3c3cd79c00c,1.0,cae7248e9bdfda82584faea19dbf793f,6560211a19b47992c3666cc44a7e94c0,2017-12-12,49.0,14.1,1.0,credit_card,2.0,63.1
b7c91c3a97f9089e9b438320b5b34f37,1.0,b756577e274d3a4793fc27209d7072db,11bfa66332777660bd0640ee84d47006,2017-12-12,10.99,25.63,1.0,credit_card,8.0,146.48
b7c91c3a97f9089e9b438320b5b34f37,2.0,b756577e274d3a4793fc27209d7072db,11bfa66332777660bd0640ee84d47006,2017-12-12,10.99,25.63,1.0,credit_card,8.0,146.48
b7c91c3a97f9089e9b438320b5b34f37,3.0,b756577e274d3a4793fc27209d7072db,11bfa66332777660bd0640ee84d47006,2017-12-12,10.99,25.63,1.0,credit_card,8.0,146.48
b7c91c3a97f9089e9b438320b5b34f37,4.0,b756577e274d3a4793fc27209d7072db,11bfa66332777660bd0640ee84d47006,2017-12-12,10.99,25.63,1.0,credit_card,8.0,146.48
b8bc096276da825befb6af5ded96e9b5,1.0,f8a93b735aa0b631fe2c1047c3427365,d1c281d3ae149232351cd8c8cc885f0d,2017-12-12,63.99,12.79,1.0,boleto,1.0,76.78
b8fdf0a70040d5461adca8f95ba4171a,1.0,f2f411f86bd5bd427e28e2a30771761f,da8622b14eb17ae2831f4ac5b9dab84a,2017-12-12,89.9,17.88,1.0,boleto,1.0,107.78
b9a422aebaeb3396ee0b761b10c0cc08,1.0,3cebb9158a3aa0b3f78ee0f934c9f032,7008613ea464bad5cb9b83456e1e6a8f,2017-12-12,59.9,17.67,1.0,boleto,1.0,77.57
ba3c3f0a08fc618d7bee784ef3a1574e,1.0,19421075ae0b585f2dc13ff149e2119d,4c2b230173bb36f9b240f2b8ac11786e,2017-12-12,45.9,21.15,1.0,boleto,1.0,201.15
ba3c3f0a08fc618d7bee784ef3a1574e,2.0,19421075ae0b585f2dc13ff149e2119d,4c2b230173bb36f9b240f2b8ac11786e,2017-12-12,45.9,21.15,1.0,boleto,1.0,201.15
ba3c3f0a08fc618d7bee784ef3a1574e,3.0,19421075ae0b585f2dc13ff149e2119d,4c2b230173bb36f9b240f2b8ac11786e,2017-12-12,45.9,21.15,1.0,boleto,1.0,201.15
ba4aad629e2c6afacab3ebd5e3d1e7ce,1.0,3bf95cf337a8c87435a2949c48350fc7,e9779976487b77c6d4ac45f75ec7afe9,2017-12-12,91.49,19.88,1.0,credit_card,3.0,111.37
ba78997921bbcdc1373bb41e913ab953,1.0,548e5bfe28edceab6b51fa707cc9556f,da8622b14eb17ae2831f4ac5b9dab84a,2017-12-12,89.9,17.88,1.0,credit_card,8.0,107.78
bace36fac7a5dc678fe74da327ffb295,1.0,52c80cedd4e90108bf4fa6a206ef6b03,a1043bafd471dff536d0c462352beb48,2017-12-12,179.99,45.72,1.0,boleto,1.0,225.71
bba3ea9fc64e1b3a64a4c0a5dd38b005,1.0,3458b4c1fcbe46e2eedb48e00960a60e,cfb1a033743668a192316f3c6d1d2671,2017-12-12,157.0,29.57,1.0,credit_card,6.0,277.65
bba3ea9fc64e1b3a64a4c0a5dd38b005,2.0,99a4788cb24856965c36a24e339b6058,4a3ca9315b744ce9f8e9374361493884,2017-12-12,89.9,1.18,1.0,credit_card,6.0,277.65
bcd050a34214fa492826f945e3425650,1.0,f76648d50e1f928a32d5d8559719092f,7202e2ba20579a9bd1acb29e61fe71f6,2017-12-12,349.9,17.2,1.0,credit_card,7.0,367.1
bd59d6b6646e18c7a1a97a639ff49e0f,1.0,5094d0cb28a3e400d90c21c6df262856,bb135baca94c82fcb731335ad5b04a03,2017-12-12,33.0,8.72,2.0,voucher,1.0,5.15
bd59d6b6646e18c7a1a97a639ff49e0f,1.0,5094d0cb28a3e400d90c21c6df262856,bb135baca94c82fcb731335ad5b04a03,2017-12-12,33.0,8.72,5.0,voucher,1.0,5.32
bd59d6b6646e18c7a1a97a639ff49e0f,1.0,5094d0cb28a3e400d90c21c6df262856,bb135baca94c82fcb731335ad5b04a03,2017-12-12,33.0,8.72,3.0,voucher,1.0,5.5
bd59d6b6646e18c7a1a97a639ff49e0f,1.0,5094d0cb28a3e400d90c21c6df262856,bb135baca94c82fcb731335ad5b04a03,2017-12-12,33.0,8.72,6.0,voucher,1.0,13.68
bd59d6b6646e18c7a1a97a639ff49e0f,1.0,5094d0cb28a3e400d90c21c6df262856,bb135baca94c82fcb731335ad5b04a03,2017-12-12,33.0,8.72,1.0,credit_card,1.0,0.28
bd59d6b6646e18c7a1a97a639ff49e0f,1.0,5094d0cb28a3e400d90c21c6df262856,bb135baca94c82fcb731335ad5b04a03,2017-12-12,33.0,8.72,7.0,voucher,1.0,6.57
bd59d6b6646e18c7a1a97a639ff49e0f,1.0,5094d0cb28a3e400d90c21c6df262856,bb135baca94c82fcb731335ad5b04a03,2017-12-12,33.0,8.72,4.0,voucher,1.0,5.22
bd68fa144029a95327200fd368b4f4bb,1.0,1cee940750667f29c969974d268656f8,f3295428338a40977a03f555246a70f4,2017-12-12,449.0,19.39,1.0,credit_card,2.0,468.39
be64b86415ab3c14a508e61cc6cfceb9,1.0,803f77475e1b51b47f1bfec4f2ec353f,c9c7905cffc4ef9ff9f113554423e671,2017-12-12,69.99,11.99,1.0,boleto,1.0,81.98
be929febed86ae91848b45a84c499e44,1.0,fed5c40c27e1c88560a9e92d82ee0825,128639473a139ac0f3e5f5ade55873a5,2017-12-12,19.9,12.48,1.0,credit_card,1.0,32.38
bff7e590732738aa522782dc42dc7705,1.0,1e5428c428e0f783acd6e3d94ba4ee2a,53243585a1d6dc2643021fd1853d8905,2017-12-12,599.0,55.41,1.0,boleto,1.0,654.41
c09b9192c720069e6bb07a007f8db6dc,1.0,869c418f22e0c0ed9207ff691f279e46,e63e8bfa530fb16910dd6956e592bb81,2017-12-12,32.9,9.09,1.0,credit_card,4.0,41.99
c1298dde22013d58424f39ec4397f54d,1.0,3cc4b421c1f28dd22e86fc4aaafb600e,da8622b14eb17ae2831f4ac5b9dab84a,2017-12-12,89.9,17.88,1.0,boleto,1.0,107.78
c2b819b02527dbe8dfe424c00d999e0c,1.0,4a69baa66a13d1adeb41cfe3bc0c27be,bbad7e518d7af88a0897397ffdca1979,2017-12-12,99.9,16.46,1.0,credit_card,6.0,116.36
c2e07c679e4ecc1a5d27c0435e6c8425,1.0,f71050e65776861c8c3ec7a2d2b0194c,53e4c6e0f4312d4d2107a8c9cddf45cd,2017-12-12,72.0,11.73,1.0,credit_card,4.0,83.73
c341b928652ab66dc02f4a2e9bb2d969,1.0,f71f42e2381752836563b70beb542f80,85d9eb9ddc5d00ca9336a2219c97bb13,2017-12-12,31.9,17.63,1.0,credit_card,1.0,49.53
c4ba85cd686fc7f9d56edb6fa4471e91,1.0,50fcba527cde578e212f114ba5cfdfef,7a67c85e85bb2ce8582c35f2203ad736,2017-12-12,72.99,17.76,1.0,debit_card,1.0,90.75
c4d21595038e045af516cfd9f1496c2d,1.0,3f869288a822d85504c7a423c9b473e3,850f4f8af5ea87287ac68de36e29107f,2017-12-12,599.0,20.44,1.0,credit_card,10.0,619.44
c4d7d5a8e5e6c168142085d231c65b79,1.0,f69581741831e1dcd24e28e299ad36ff,b32be1695eb7ec5f10f72d9610a12527,2017-12-12,1098.0,37.89,1.0,credit_card,10.0,1135.89
c4fef2621519c7ab7541140d3cbda9e1,1.0,b959a3da753577b24670d59bc55eced9,6fd52c528dcb38be2eea044946b811f8,2017-12-12,49.89,8.72,1.0,credit_card,1.0,45.63
c4fef2621519c7ab7541140d3cbda9e1,1.0,b959a3da753577b24670d59bc55eced9,6fd52c528dcb38be2eea044946b811f8,2017-12-12,49.89,8.72,2.0,voucher,1.0,12.98
c79ba7d8e02ca2a64a4474bc0927a03b,1.0,85fd14e978b92176dd210c046abc3540,4d6d651bd7684af3fffabd5f08d12e5a,2017-12-12,109.9,15.52,1.0,credit_card,2.0,125.42
ca16493fe5b61d25c22f1c751a181fab,1.0,13944d17b257432717fd260e69853140,cfb1a033743668a192316f3c6d1d2671,2017-12-12,59.9,16.18,1.0,credit_card,2.0,76.08
cbcbf16b779a45730bd03de1dc68131b,1.0,a10e0fcb1c409869c3c6da4eb13b7612,855668e0971d4dfd7bef1b6a4133b41b,2017-12-12,52.0,17.61,1.0,credit_card,1.0,69.61
cc791081312a967189fa0ec1f58d5ee7,1.0,57d87687241f1aeb1a202f93ceccb0f3,da8622b14eb17ae2831f4ac5b9dab84a,2017-12-12,119.9,12.54,1.0,boleto,1.0,132.44
cf18511cb84b8a7ca3c2b417bf1971a7,1.0,74d3fc5df0de5f9af4a62f87c043485a,d91fb3b7d041e83b64a00a3edfb37e4f,2017-12-12,95.0,15.42,1.0,credit_card,2.0,110.42
cf4d00ace6566015d92509e1cc8b243e,1.0,3c169334e3cd4e710ef729a014d38b2a,5f2684dab12e59f83bef73ae57724e45,2017-12-12,109.9,13.11,1.0,credit_card,2.0,123.01
cf8e0bf248046a2be2b5ed74b01f98b2,1.0,49d903c17a37b3c53641d530c31f039b,4cf490a58259286ada5ba8525ba9e84a,2017-12-12,164.9,16.91,1.0,boleto,1.0,181.81
d04051e8bfce56a92e0834faa72d7a7a,1.0,2423252b2432f1803e4f29e0974c6cf7,5f2684dab12e59f83bef73ae57724e45,2017-12-12,169.9,17.44,1.0,credit_card,6.0,374.68
d04051e8bfce56a92e0834faa72d7a7a,2.0,2423252b2432f1803e4f29e0974c6cf7,5f2684dab12e59f83bef73ae57724e45,2017-12-12,169.9,17.44,1.0,credit_card,6.0,374.68
d0caa50d59dd78761abd9c1bdd06bba4,1.0,42a2c92a0979a949ca4ea89ec5c7b934,813348c996469b40f2e028d5429d3495,2017-12-12,58.9,21.25,1.0,credit_card,1.0,80.15
d131625abf3dd1daa6fd04443cbc6729,1.0,368c6c730842d78016ad823897a372db,1f50f920176fa81dab994f9023523100,2017-12-12,59.0,19.65,1.0,boleto,1.0,78.65
d14e60d6698ad2394741f669a1b6c5ce,1.0,3a806ac1ab98107febb4ffcf38bc1fac,adbc26658d6c7b4b6219f9d934598091,2017-12-12,130.0,14.64,1.0,credit_card,2.0,144.64
d29833e31d88e77ae815681619836ae6,1.0,b150110bc5afad8ff2cce5cd50c8e2a2,2e1c9f22be269ef4643f826c9e650a52,2017-12-12,39.99,14.1,1.0,boleto,1.0,54.09
d29bae63f22f20cb3190869e57451e86,1.0,ee97db3ef647a016f3bb7376f8a3ffcd,dee656f0f566ed1aa85bd137c943f08f,2017-12-12,34.9,11.85,1.0,boleto,1.0,46.75
d3433b37aa2f57a56e8c97c455ac6ed8,1.0,64123627d4116a2bc8284f1bc0a257f3,f00e21b1e91a79653163b7fd8f293ff1,2017-12-12,145.9,16.78,1.0,credit_card,5.0,162.68
d3782eb2976abf986175941c51364aab,1.0,a7906a8a69acf5b0cb256882e741896a,76d5af76d0271110f9af36c92573f765,2017-12-12,929.0,21.09,1.0,credit_card,2.0,1048.64
d3782eb2976abf986175941c51364aab,2.0,197f7d1d3a8b0bf0c8f0394ff71b574b,76d5af76d0271110f9af36c92573f765,2017-12-12,88.0,10.55,1.0,credit_card,2.0,1048.64
d5e9e8db560b61662ece609c63b8257d,1.0,b623b7cb05ee3248fbe4a6ecbeed79a4,7aa4334be125fcdd2ba64b3180029f14,2017-12-12,70.97,13.52,1.0,credit_card,1.0,84.49
d72d470d3183857c15873b43a50fa314,1.0,aece157b74fa793277ecc4e94bedf9a0,3d871de0142ce09b7081e2b9d1733cb1,2017-12-12,169.9,64.77,1.0,credit_card,10.0,234.67
d80f284c3b6c572dbefb068c5c0d296d,1.0,103cc8c441a717d9a54fca312ae8ec3c,fa1c13f2614d7b5c4749cbc52fecda94,2017-12-12,168.9,18.46,1.0,credit_card,1.0,187.36
d81092e5b4741adbb395bb5aba884c36,1.0,13a05309c09bd28a2d0418005ae7a55b,6cd68b3ed6d59aaa9fece558ad360c0a,2017-12-12,119.9,15.59,1.0,credit_card,9.0,135.49
da2473475b308a32775353337f5c3c6d,1.0,d285360f29ac7fd97640bf0baef03de0,fa1c13f2614d7b5c4749cbc52fecda94,2017-12-12,348.8,17.19,1.0,credit_card,8.0,365.99
db75b87461daf92c7fdf7310f347d229,1.0,b5e13c9a353102f79c6206ff5cb61a50,a49928bcdf77c55c6d6e05e09a9b4ca5,2017-12-12,89.9,11.83,1.0,boleto,1.0,101.73
db7ba1651fa9b12357f71dd1606ec722,1.0,aca2eb7d00ea1a7b8ebd4e68314663af,955fee9216a65b617aa5c0531780ce60,2017-12-12,75.0,16.16,1.0,boleto,1.0,91.16
dd04e5bf2ed0f48d340eb1b2820dcb7b,1.0,fe9dfbe7f974621789683b7b78be2a16,900ba814c251a692506d7834c1218441,2017-12-12,326.16,33.03,1.0,credit_card,10.0,359.19
ded8a75f89ac9b3ad08c2de7f07bca70,1.0,540a93038cc8b4c42ef0821b2cf067d3,17ca9b9e9b9ef8fdb529001b49ebb50f,2017-12-12,49.97,13.64,1.0,credit_card,10.0,190.83
ded8a75f89ac9b3ad08c2de7f07bca70,2.0,540a93038cc8b4c42ef0821b2cf067d3,17ca9b9e9b9ef8fdb529001b49ebb50f,2017-12-12,49.97,13.64,1.0,credit_card,10.0,190.83
ded8a75f89ac9b3ad08c2de7f07bca70,3.0,540a93038cc8b4c42ef0821b2cf067d3,17ca9b9e9b9ef8fdb529001b49ebb50f,2017-12-12,49.97,13.64,1.0,credit_card,10.0,190.83
e1521d92b7e6cfbb454d764235546c32,1.0,fed5c40c27e1c88560a9e92d82ee0825,128639473a139ac0f3e5f5ade55873a5,2017-12-12,19.9,34.15,1.0,credit_card,1.0,54.05
e3bdef3908e4c6a22a657b3786f89d4d,1.0,3a4db42aea95097b7a616b36f21d143f,b2ba3715d723d245138f291a6fe42594,2017-12-12,234.9,17.89,1.0,credit_card,2.0,252.79
e49e93b813e0ac281b65ed9e24b2a012,1.0,cad39e71c0fe2f6ce875040d4ac43a4b,4869f7a5dfa277a7dca6462dcf3b52b2,2017-12-12,389.9,14.23,1.0,credit_card,8.0,404.13
e5967b8295716dd4da3550bb3fe5cf58,1.0,5b3b5f9ae84ca9ead3138b199420cc94,adbc26658d6c7b4b6219f9d934598091,2017-12-12,139.0,19.21,1.0,credit_card,3.0,158.21
e740fe8c6dbc208393a4ae5a567070c1,1.0,6cdd53843498f92890544667809f1595,ccc4bbb5f32a6ab2b7066a4130f114e3,2017-12-12,349.9,48.98,1.0,credit_card,3.0,398.88
e7754b4de1276192babdbbf45647cefb,1.0,fb55982be901439613a95940feefd9ee,3d871de0142ce09b7081e2b9d1733cb1,2017-12-12,79.0,13.57,1.0,credit_card,1.0,92.57
ea10db65e0559d69b56effcfed6a41c1,1.0,90f97298579cd20412fdcc9b7a2d4b6b,a3dd39f583bc80bd8c5901c95878921e,2017-12-12,119.9,23.16,1.0,boleto,1.0,143.06
eb2df9ac90b38292e0596d534bc73c2d,1.0,09d0b4ab2eaebcde59d4dd8bea2c6be6,f3da5b2ff499efb8d4a6d371d175d7dd,2017-12-12,81.2,11.77,1.0,credit_card,3.0,92.97
ee35bdc3d877400fe1f81cf038e84840,1.0,99a4788cb24856965c36a24e339b6058,4a3ca9315b744ce9f8e9374361493884,2017-12-12,89.9,16.26,1.0,credit_card,8.0,106.16
ef9436d5d8ad55bb0f9dc670d8391ee8,1.0,bc055ae94989497c0d66bfa4263ccf61,1c68394e931a64f90ea236c5ea590300,2017-12-12,57.52,12.53,1.0,boleto,1.0,140.1
ef9436d5d8ad55bb0f9dc670d8391ee8,2.0,bc055ae94989497c0d66bfa4263ccf61,1c68394e931a64f90ea236c5ea590300,2017-12-12,57.52,12.53,1.0,boleto,1.0,140.1
f179e0782e0180bc2ec9ce167d4cf245,1.0,fff0a542c3c62682f23305214eaeaa24,08d2d642cf72b622b14dde1d2f5eb2f5,2017-12-12,7.5,16.11,1.0,boleto,1.0,94.44
f179e0782e0180bc2ec9ce167d4cf245,2.0,fff0a542c3c62682f23305214eaeaa24,08d2d642cf72b622b14dde1d2f5eb2f5,2017-12-12,7.5,16.11,1.0,boleto,1.0,94.44
f179e0782e0180bc2ec9ce167d4cf245,3.0,fff0a542c3c62682f23305214eaeaa24,08d2d642cf72b622b14dde1d2f5eb2f5,2017-12-12,7.5,16.11,1.0,boleto,1.0,94.44
f179e0782e0180bc2ec9ce167d4cf245,4.0,fff0a542c3c62682f23305214eaeaa24,08d2d642cf72b622b14dde1d2f5eb2f5,2017-12-12,7.5,16.11,1.0,boleto,1.0,94.44
f1ae9201c5fbf85324c872859f799ac2,1.0,39b163e43ba84533daaba94c5a0712de,128639473a139ac0f3e5f5ade55873a5,2017-12-12,7.9,16.79,1.0,credit_card,1.0,24.69
f29a57242152dd7973de7bec76001aac,1.0,efdc6e0a04b68a8c329d485ab2bde52e,b2ba3715d723d245138f291a6fe42594,2017-12-12,34.9,7.78,1.0,boleto,1.0,42.68
f365676962cc8bacbfc7a5067e1adb7d,1.0,5d2d01b64b76916f0cbe74e407041187,53e4c6e0f4312d4d2107a8c9cddf45cd,2017-12-12,33.99,16.11,1.0,credit_card,3.0,50.1
f3a09e33cafe9e30a8c3f9c8b6b2416d,1.0,5a848e4ab52fd5445cdc07aab1c40e48,c826c40d7b19f62a09e2d7c5e7295ee2,2017-12-12,122.99,15.61,1.0,credit_card,2.0,138.6
f40512005e99b84b0daf7b1ace9dbc7f,1.0,b623b7cb05ee3248fbe4a6ecbeed79a4,7aa4334be125fcdd2ba64b3180029f14,2017-12-12,70.97,17.75,1.0,credit_card,1.0,88.72
f437da70eac9c43477ccfa608ce84deb,1.0,28bdd20184e553872bab0ae75bbcaecf,98dac6635aee4995d501a3972e047414,2017-12-12,13.61,8.72,1.0,boleto,1.0,133.98
f437da70eac9c43477ccfa608ce84deb,2.0,28bdd20184e553872bab0ae75bbcaecf,98dac6635aee4995d501a3972e047414,2017-12-12,13.61,8.72,1.0,boleto,1.0,133.98
f437da70eac9c43477ccfa608ce84deb,3.0,28bdd20184e553872bab0ae75bbcaecf,98dac6635aee4995d501a3972e047414,2017-12-12,13.61,8.72,1.0,boleto,1.0,133.98
f437da70eac9c43477ccfa608ce84deb,4.0,28bdd20184e553872bab0ae75bbcaecf,98dac6635aee4995d501a3972e047414,2017-12-12,13.61,8.72,1.0,boleto,1.0,133.98
f437da70eac9c43477ccfa608ce84deb,5.0,28bdd20184e553872bab0ae75bbcaecf,98dac6635aee4995d501a3972e047414,2017-12-12,13.61,8.72,1.0,boleto,1.0,133.98
f437da70eac9c43477ccfa608ce84deb,6.0,28bdd20184e553872bab0ae75bbcaecf,98dac6635aee4995d501a3972e047414,2017-12-12,13.61,8.72,1.0,boleto,1.0,133.98
f471b0bfd4301c5ec83e053239f02fac,1.0,492bcf01a7a40c8fe5c720574dc786b3,ea566164622c6b439516ab18062c42cd,2017-12-12,265.0,10.67,1.0,credit_card,5.0,275.67
f5bece298ec65ca3b929bd174b25d419,1.0,047b85649c33e9cbf34b2ccf8d41d622,3d871de0142ce09b7081e2b9d1733cb1,2017-12-12,229.0,21.88,1.0,credit_card,5.0,250.88
f63eb30401fd1e31349956455a06bdde,1.0,8f8cb7e4a7f16d339f87f8aa2711a003,850f4f8af5ea87287ac68de36e29107f,2017-12-12,79.9,15.32,1.0,boleto,1.0,95.22
f703311779ad4da44672d46ec63dc993,1.0,741a31499a578979be85db7f80139e62,cca3071e3e9bb7d12640c9fbe2301306,2017-12-12,45.9,12.69,1.0,boleto,1.0,58.59
f71c29e41d9d12d65f0e05f17fc6cecd,1.0,f306d4917efd6c5a46bbb72b640313da,f680f85bee2d253556ac91be391d2c82,2017-12-12,43.0,16.11,1.0,boleto,1.0,59.11
f736182b7b61b8d44835437f36f5a8c6,1.0,30e538a84e5ed6276d0ef5dc07bac435,2b03ac196f5ed62ac483960fe0fa3b65,2017-12-12,130.0,9.72,1.0,credit_card,3.0,139.72
f7756b6831d1f8e9ffdd15a08942cd56,1.0,3225c54bb2785c33f49f50398fcdb88c,4869f7a5dfa277a7dca6462dcf3b52b2,2017-12-12,299.0,16.84,1.0,boleto,1.0,315.84
f7dc79358f6495f086b1874bae7a9575,1.0,e74d829aead9632c343d367969aec904,0ea22c1cfbdc755f86b9b54b39c16043,2017-12-12,59.9,4.05,2.0,voucher,1.0,100.0
f7dc79358f6495f086b1874bae7a9575,1.0,e74d829aead9632c343d367969aec904,0ea22c1cfbdc755f86b9b54b39c16043,2017-12-12,59.9,4.05,1.0,credit_card,2.0,138.15
f7dc79358f6495f086b1874bae7a9575,2.0,94f2d239e688aa415a2dd620435e8344,bb5bd94c8f59cc050072d2930c869cac,2017-12-12,149.9,24.3,2.0,voucher,1.0,100.0
f7dc79358f6495f086b1874bae7a9575,2.0,94f2d239e688aa415a2dd620435e8344,bb5bd94c8f59cc050072d2930c869cac,2017-12-12,149.9,24.3,1.0,credit_card,2.0,138.15
f823e090c5fffc41f7a863aa7c66e34a,1.0,9593c9f08aa51804674aae0eca66dd0d,46dc3b2cc0980fb8ec44634e21d2718e,2017-12-12,799.99,14.61,1.0,boleto,1.0,814.6
f8f71fc4d28872b4d80e802d58d73c27,1.0,2152380ff2e0afbc8c1c5b7c72732c40,cca3071e3e9bb7d12640c9fbe2301306,2017-12-12,49.9,16.11,1.0,credit_card,4.0,66.01
f95795398c6d7c5e32c51629aa345fdf,1.0,e1da6ab77f4859eb17950e5df1c0f815,dd7ddc04e1b6c2c614352b383efe2d36,2017-12-12,45.9,13.08,1.0,boleto,1.0,117.96
f95795398c6d7c5e32c51629aa345fdf,2.0,e1da6ab77f4859eb17950e5df1c0f815,dd7ddc04e1b6c2c614352b383efe2d36,2017-12-12,45.9,13.08,1.0,boleto,1.0,117.96
f967b3b4e10db096bfc62535abb40d43,1.0,87db1d6af39ede804084ef2f8e6b9b46,a673821011d0cec28146ea42f5ab767f,2017-12-12,44.99,18.89,1.0,credit_card,3.0,63.88
fa141a7eaa934d2cabe21138a23a10ce,1.0,4c2394abfbac7ff59ec7a420918562fa,cc419e0650a3c5ba77189a1882b7556a,2017-12-12,84.99,16.35,1.0,boleto,1.0,101.34
fa464e66c13ab4ea69b7fb3c7888ea0c,1.0,b141c668aca84c5877a5c66bd94fedc8,da8622b14eb17ae2831f4ac5b9dab84a,2017-12-12,29.9,15.1,1.0,boleto,1.0,45.0
fb13f043bf44bf8356e7adb8c08917cf,1.0,12dc5e5d178b930cf87cf16e812fc2d5,11bfa66332777660bd0640ee84d47006,2017-12-12,10.6,15.1,1.0,credit_card,2.0,51.4
fb13f043bf44bf8356e7adb8c08917cf,2.0,12dc5e5d178b930cf87cf16e812fc2d5,11bfa66332777660bd0640ee84d47006,2017-12-12,10.6,15.1,1.0,credit_card,2.0,51.4
fc9d434ce58e80e3ce78dd7f69e22bd4,1.0,b623b7cb05ee3248fbe4a6ecbeed79a4,7aa4334be125fcdd2ba64b3180029f14,2017-12-12,70.97,13.52,1.0,credit_card,4.0,84.49
fd42223038c59f7eed62a0bf87f80d89,1.0,e435ceb7ced9b8446defd858630454ed,620c87c171fb2a6dd6e8bb4dec959fc6,2017-12-12,29.9,16.79,1.0,credit_card,4.0,46.69
fdace49148cbd2b1a22811baf02f5fd1,1.0,6cc44821f36f3156c782da72dd634e47,da8622b14eb17ae2831f4ac5b9dab84a,2017-12-12,99.9,12.4,1.0,credit_card,4.0,112.3
ff10c3dea2b30e7d7c33c946999a4766,1.0,d1a790e97df2101ed61553a5fc1cfe02,e63e8bfa530fb16910dd6956e592bb81,2017-12-12,32.9,17.63,1.0,boleto,1.0,50.53
